id,first_name,last_name,email
1,Michael,P.,Whitneysmoggy@free.fr
2,Shawn,M.,fantasticMicah67@yahoo.co.id
3,Kathleen,P.,obnoxiousNicholas@aim.com
4,Jimmy,C.,Sheenacloudy@mac.com
5,Katherine,R.,openEdward83@alice.it
6,Sarah,R.,Brooketired@hotmail.es
7,Martin,M.,amusedJulian@qq.com
8,Frank,R.,Albertterrible@yahoo.com
9,Jennifer,F.,uninterestedMaurice@hotmail.com
10,Henry,W.,Feliciawitty@aol.com
11,Fred,S.,Charlesfaithful@yandex.ru
12,Amy,D.,Karlhurt@yahoo.com.ar
13,Kathleen,M.,Mindysmiling@hotmail.co.uk
14,Steve,F.,zealousMichele71@laposte.net
15,Teresa,H.,gentleCourtney98@sbcglobal.net
16,Amanda,H.,frailGrace10@optonline.net
17,Kimberly,R.,Rubeneager@skynet.be
18,Johnny,K.,Aaronwrong@hotmail.de
19,Virginia,F.,lonelyAlejandro83@skynet.be
20,Anna,A.,happyJoseph@hotmail.co.uk
21,Willie,H.,Taryndead@msn.com
22,Sean,H.,tiredCraig41@t-online.de
23,Mildred,A.,wittyBarbara@rocketmail.com
24,David,G.,betterTimothy@yahoo.co.id
25,Victor,H.,Nathanielhomeless@rambler.ru
26,Aaron,R.,tiredTanya70@centurytel.net
27,Benjamin,B.,cooperativeMarvin88@neuf.fr
28,Lisa,W.,Josesleepy@yahoo.com
29,Benjamin,K.,obedientCassie86@charter.net
30,Christina,W.,quaintRaquel@yahoo.co.id
31,Jane,G.,magnificentRobyn@yahoo.com.ar
32,Thomas,O.,bloodySheena@yahoo.com
33,Katherine,M.,wildDarrell@free.fr
34,Jennifer,S.,impossibleTaryn@laposte.net
35,Sara,T.,filthyBrandon93@rambler.ru
36,Harold,O.,fantasticAnne93@wanadoo.fr
37,Shirley,J.,toughNina55@free.fr
38,Dennis,J.,uptightStefanie@hotmail.com
39,Louise,W.,darkTerrance@neuf.fr
40,Maria,A.,Rachaelashamed@outlook.com
41,Gloria,C.,Adamlonely@hotmail.de
42,Diana,S.,grotesqueDevin37@rediffmail.com
43,Kelly,N.,Christianproud@att.net
44,Jane,R.,Deannabewildered@hotmail.de
45,Scott,B.,Charlesaggressive@live.co.uk
46,Norma,C.,cooperativeRoger@frontiernet.net
47,Marie,P.,gracefulVictoria67@sfr.fr
48,Lillian,C.,Blakefierce@hotmail.co.uk
49,Judy,N.,uglyAlan40@yahoo.com.mx
50,Billy,L.,betterTimothy3@centurytel.net
51,Howard,R.,annoyedKristi7@yahoo.com.ar
52,Laura,F.,tenderJohnathan@hotmail.com
53,Anne,B.,deadLatasha27@tiscali.it
54,Rose,M.,Kelseyfamous@comcast.net
55,Nicholas,R.,mushyJerome@optusnet.com.au
56,Joshua,K.,jealousTracy8@telenet.be
57,Paul,W.,openShaun@yahoo.in
58,Kathryn,K.,Laurawitty@cox.net
59,Adam,A.,Moniquecrazy@live.co.uk
60,Norma,W.,oddLevi39@mail.com
61,Timothy,R.,concernedMorgan@verizon.net
62,Elizabeth,P.,Jacquelynwicked@bol.com.br
63,Edward,G.,Michelesmiling@yahoo.co.in
64,David,C.,fancyMario@sfr.fr
65,Brenda,W.,Anthonyhomeless@yahoo.co.in
66,Adam,W.,Ronniethankful@yahoo.com.br
67,Michael,H.,depressedErica@live.it
68,Jesse,E.,quaintAngela18@terra.com.br
69,Janet,P.,courageousMargaret42@live.com.au
70,Helen,F.,Jonathanselfish@yahoo.de
71,Gerald,C.,gleamingDanny28@shaw.ca
72,Kathryn,O.,sleepyLee40@wanadoo.fr
73,Alan,B.,shinyTiffany@yahoo.de
74,Harry,A.,inquisitiveNatasha11@comcast.net
75,Andrea,H.,defeatedSheila@gmx.de
76,Barbara,W.,Claudiajoyous@rocketmail.com
77,Anne,W.,Dominicbeautiful@cox.net
78,Harry,H.,Georgehealthy@yahoo.co.id
79,Jack,R.,concernedJohn@centurytel.net
80,Phillip,H.,vivaciousAdriana@yahoo.com.br
81,Shirley,H.,elegantCristina25@hotmail.co.uk
82,Arthur,D.,busyLindsey@windstream.net
83,Virginia,R.,jealousErik@hotmail.de
84,Christina,R.,cuteJesus56@hotmail.com
85,Theresa,M.,happyIan@bigpond.net.au
86,Jason,C.,soreAlana@yahoo.in
87,Phillip,B.,bewilderedRuth@yahoo.com.sg
88,Adam,T.,scaryCarmen@hotmail.de
89,Margaret,J.,jealousChelsea68@mail.ru
90,Paul,P.,realHenry@yandex.ru
91,Todd,W.,Melodyoutrageous@orange.fr
92,Willie,O.,puzzledEvan@free.fr
93,Frances,R.,innocentClayton37@googlemail.com
94,Gregory,H.,energeticJerome@yahoo.co.in
95,Lisa,P.,tenderJeremy73@web.de
96,Jacqueline,A.,aggressiveMathew85@orange.fr
97,Shirley,D.,hurtJeremiah3@hotmail.co.uk
98,Nicole,M.,Leonarduptight@yahoo.com.sg
99,Mary,G.,mushyAdriana90@freenet.de
100,Jean,M.,gloriousVirginia3@ig.com.br